{"EIP1271_MAGIC_VALUE()": "dd885e2d",
"EIP712_EXCHANGE_DOMAIN_HASH()": "c26cfecd",
"ERC1155Assets(address,uint256[],uint256[],bytes)": "a7cb5fb7",
"ERC1155_BATCH_RECEIVED()": "fc67bf1c",
"ERC1155_RECEIVED()": "e0a5c949",
"ERC20Bridge(address,address,bytes)": "dc1600f3",
"ERC20Token(address)": "f47261b0",
"ERC721Token(address,uint256)": "02571792",
"ETH2DAI_ADDRESS()": "7e2f75e3",
"MAX_MINT_AMOUNT()": "fa9b7018",
"MAX_OWNER_COUNT()": "d74f8edd",
"MultiAsset(uint256[],bytes[])": "94cfcdd7",
"OrderWithHash((address,address,address,address,uint256,uint256,uint256,uint256,uint256,uint256,bytes,bytes,bytes,bytes),bytes32)": "3efe50c8",
"REVERT_REASON()": "e887dd1f",
"SHOULD_REVERT_ADDRESS()": "a2db0b41",
"SHOULD_REVERT_STAKING_ADDRESS()": "d4f0e44b",
"StaticCall(address,bytes,bytes32)": "c339d10a",
"ZeroExTransactionWithHash((uint256,uint256,uint256,address,bytes),bytes32)": "de047db4",
"abs(int256)": "1b5ac4b5",
"activePoolsThisEpoch()": "8041fb9f",
"add(int256,int256)": "a5f3c23b",
"addActivePool(bytes32,uint32,uint256,uint256,uint256)": "d663d83d",
"addAuthorizedAddress(address)": "42f1181e",
"addExchangeAddress(address)": "8a2e271a",
"addFillResults((uint256,uint256,uint256,uint256,uint256),(uint256,uint256,uint256,uint256,uint256))": "fb58c266",
"addMakerToPool(bytes32,address)": "b6d07104",
"addMakerToStakingPool(bytes32,address)": "4facd7bb",
"addOwner(address)": "7065cb48",
"advanceEpoch()": "3cf80e6c",
"allowance(address,address)": "dd62ed3e",
"allowedValidators(address,address)": "7b8e3514",
"approve(address,uint256)": "095ea7b3",
"approveERC20(address,address,uint256)": "a8e5e4aa",
"approveMakerAssetProxy(bytes)": "442026ed",
"assertBytesUnchangedAfterLengthReset(bytes,uint256)": "4bcb91d2",
"assertEvenNumber(uint256)": "c6d56db2",
"assertExecutableTransaction((uint256,uint256,uint256,address,bytes),bytes)": "a852ff1c",
"assertValidFunctionCall(uint256,bytes,address)": "e5b3afc5",
"assertValidMatch((address,address,address,address,uint256,uint256,uint256,uint256,uint256,uint256,bytes,bytes,bytes,bytes),(address,address,address,address,uint256,uint256,uint256,uint256,uint256,uint256,bytes,bytes,bytes,bytes))": "f7704e22",
"assetProxies(bytes4)": "3fd3c997",
"attachStakingContract(address)": "66615d56",
"authorities(uint256)": "494503d4",
"authorized(address)": "b9181611",
"balanceOf(address)": "70a08231",
"balanceOf(address,uint256)": "00fdd58e",
"balanceOf(bytes,address)": "fc124ebd",
"balanceOfBatch(address[],uint256[])": "4e1273f4",
"batchCancelOrders((address,address,address,address,uint256,uint256,uint256,uint256,uint256,uint256,bytes,bytes,bytes,bytes)[])": "dedfc1f1",
"batchExecute(bytes[])": "856a65eb",
"batchExecuteTransactions((uint256,uint256,uint256,address,bytes)[],bytes[])": "fc74896d",
"batchFillOrKillOrders((address,address,address,address,uint256,uint256,uint256,uint256,uint256,uint256,bytes,bytes,bytes,bytes)[],uint256[],bytes[])": "beee2e14",
"batchFillOrders((address,address,address,address,uint256,uint256,uint256,uint256,uint256,uint256,bytes,bytes,bytes,bytes)[],uint256[],bytes[])": "9694a402",
"batchFillOrdersNoThrow((address,address,address,address,uint256,uint256,uint256,uint256,uint256,uint256,bytes,bytes,bytes,bytes)[],uint256[],bytes[])": "8ea8dfe4",
"batchMatchOrders((address,address,address,address,uint256,uint256,uint256,uint256,uint256,uint256,bytes,bytes,bytes,bytes)[],(address,address,address,address,uint256,uint256,uint256,uint256,uint256,uint256,bytes,bytes,bytes,bytes)[],bytes[],bytes[])": "6fcf3e9e",
"batchMatchOrdersWithMaximalFill((address,address,address,address,uint256,uint256,uint256,uint256,uint256,uint256,bytes,bytes,bytes,bytes)[],(address,address,address,address,uint256,uint256,uint256,uint256,uint256,uint256,bytes,bytes,bytes,bytes)[],bytes[],bytes[])": "6a1a80fd",
"burn(address,uint256)": "9dc29fac",
"calculateFillResults((address,address,address,address,uint256,uint256,uint256,uint256,uint256,uint256,bytes,bytes,bytes,bytes),uint256,uint256,uint256)": "83925782",
"calculateMatchedFillResults((address,address,address,address,uint256,uint256,uint256,uint256,uint256,uint256,bytes,bytes,bytes,bytes),(address,address,address,address,uint256,uint256,uint256,uint256,uint256,uint256,bytes,bytes,bytes,bytes),uint256,uint256,uint256,uint256,bool)": "45f62c97",
"cancelOrder((address,address,address,address,uint256,uint256,uint256,uint256,uint256,uint256,bytes,bytes,bytes,bytes))": "2da62987",
"cancelOrdersUpTo(uint256)": "4f9559b1",
"cancelled(bytes32)": "2ac12622",
"changeRequirement(uint256)": "ba51a6df",
"changeTimeLock(uint256)": "7ad28c51",
"cobbDouglas(uint256,uint256,uint256,uint256,uint256)": "4499d867",
"cobbDouglas(uint256,uint256,uint256,uint256,uint256,uint32,uint32)": "4054f697",
"cobbDouglasAlphaDenominator()": "e8eeb3f8",
"cobbDouglasAlphaNumerator()": "81666796",
"computeRewardBalanceOfDelegator(bytes32,address)": "e907f003",
"computeRewardBalanceOfOperator(bytes32)": "bb7ef7e0",
"confirmTransaction(uint256)": "c01a8c84",
"confirmationTimes(uint256)": "d38f2d82",
"confirmations(uint256,address)": "3411c81c",
"create(string,bool)": "cc10e401",
"createStakingPool(uint32,bool)": "68a7d6cd",
"createTestPool(bytes32,uint256,uint256,address[])": "acd01885",
"createToken(uint256)": "2d571cc4",
"createWithType(uint256,string)": "9f4b286a",
"creators(uint256)": "cd53d08e",
"currentContextAddress()": "eea086ba",
"currentEpoch()": "76671808",
"currentEpochStartTimeInSeconds()": "587da023",
"decimals()": "313ce567",
"decodeAssetProxyDispatchError(bytes)": "32aae3ad",
"decodeAssetProxyExistsError(bytes)": "7914b2ec",
"decodeAssetProxyTransferError(bytes)": "314853ff",
"decodeEIP1271SignatureError(bytes)": "acaedc74",
"decodeERC1155AssetData(bytes)": "9eadc835",
"decodeERC20AssetData(bytes)": "8f4ce479",
"decodeERC721AssetData(bytes)": "04a5618a",
"decodeExchangeInvalidContextError(bytes)": "ee4f5a94",
"decodeFillError(bytes)": "459be5e2",
"decodeIncompleteFillError(bytes)": "165979e1",
"decodeMultiAssetData(bytes)": "bbb2dcf6",
"decodeNegativeSpreadError(bytes)": "327d3054",
"decodeOrderEpochError(bytes)": "65129042",
"decodeOrderStatusError(bytes)": "02d0aec3",
"decodeSignatureError(bytes)": "9a7e7526",
"decodeSignatureValidatorNotApprovedError(bytes)": "7b66ad34",
"decodeSignatureWalletError(bytes)": "3db6dc61",
"decodeTransactionError(bytes)": "cafd3a07",
"decodeTransactionExecutionError(bytes)": "bc03f964",
"decodeZeroExTransactionData(bytes)": "6f83188e",
"decreaseCurrentAndNextBalance(uint256,uint256)": "e900e3eb",
"decreaseNextBalance(uint256,uint256)": "92a9b7e9",
"decreaseStakingPoolOperatorShare(bytes32,uint32)": "5d91121d",
"delegateStake(address,bytes32,uint256)": "53d17a43",
"delegateStakeNow(address,bytes32,uint256)": "8a759781",
"deposit()": "d0e30db0",
"depositFrom(address,uint256)": "15cc36f2",
"detachStakingContract()": "37b006a6",
"disableRefundUntilEndFunction()": "5093e6f5",
"dispatchTransferFrom(bytes32,bytes,address,address,uint256)": "a73e8dfd",
"div(int256,int256)": "43509138",
"downcastToUint64(uint256)": "ca5f11b1",
"downcastToUint96(uint256)": "3a87a40e",
"drainBalance()": "13ec2428",
"dynamicInputFunction(bytes)": "0150571f",
"emitEvent()": "7b0cb839",
"emitEventDownstream()": "36a4360d",
"emitEventsLocalAndDownstream()": "7987d010",
"encodeERC1155AssetData(address,uint256[],uint256[],bytes)": "b43cffe1",
"encodeERC20AssetData(address)": "590aa875",
"encodeERC721AssetData(address,uint256)": "a6627e9f",
"encodeMultiAssetData(uint256[],bytes[])": "d3d862d1",
"endEpoch()": "0b9663db",
"enterCatastrophicFailure()": "c02e5a7f",
"epochDurationInSeconds()": "63403801",
"executable(bool,bytes,bytes)": "42217cea",
"executeTransaction((uint256,uint256,uint256,address,bytes),bytes)": "2280c910",
"executeTransaction(uint256)": "ee22610b",
"exp(int256)": "e46751e3",
"exploitive()": "ea68ad38",
"externalHashEIP712DomainSeperator(string,string,uint256,address)": "9a39273f",
"externalHashEIP712Message(bytes32,bytes32)": "faaa012d",
"externalIsContract(address)": "45cc19db",
"externalMaxUint256(uint256,uint256)": "df70e4d6",
"externalMinUint256(uint256,uint256)": "791c6e68",
"externalOnlyOwner()": "b8a1d40b",
"externalRRevert(bytes)": "226404b5",
"externalSafeAdd(uint256,uint256)": "49023276",
"externalSafeDiv(uint256,uint256)": "d6e158bf",
"externalSafeMul(uint256,uint256)": "105df46e",
"externalSafeSub(uint256,uint256)": "0a486f30",
"fillOrKillOrder((address,address,address,address,uint256,uint256,uint256,uint256,uint256,uint256,bytes,bytes,bytes,bytes),uint256,bytes)": "e14b58c4",
"fillOrder((address,address,address,address,uint256,uint256,uint256,uint256,uint256,uint256,bytes,bytes,bytes,bytes),uint256,bytes)": "9b44d556",
"fillOrderNoThrow((address,address,address,address,uint256,uint256,uint256,uint256,uint256,uint256,bytes,bytes,bytes,bytes),uint256,bytes)": "01da61ae",
"filled(bytes32)": "288cdc91",
"finalizePool(bytes32)": "ff691b11",
"functionCallTimeLocks(bytes4,address)": "7f05c8b6",
"getActivePoolFromEpoch(uint256,bytes32)": "45ecd845",
"getActiveStake(address)": "1531f9c0",
"getActiveStakingPoolThisEpoch(bytes32)": "87f707ec",
"getApproved(uint256)": "081812fc",
"getAssetProxy(bytes4)": "60704108",
"getAssetProxyAllowance(address,bytes)": "d186037f",
"getAuthorizedAddresses()": "d39de6e9",
"getBalance(address,bytes)": "7d727512",
"getBalanceAndAssetProxyAllowance(address,bytes)": "0d7b7d76",
"getBatchAssetProxyAllowances(address,bytes[])": "4dfdac20",
"getBatchBalances(address,bytes[])": "d001c5dc",
"getBatchBalancesAndAssetProxyAllowances(address,bytes[])": "e4e6e7da",
"getConfirmationCount(uint256)": "8b51d13f",
"getConfirmations(uint256)": "b5dc40c3",
"getCurrentContextAddress()": "cd0e761d",
"getCurrentEpochEarliestEndTimeInSeconds()": "b2baa33e",
"getEthBalances(address[])": "a0901e51",
"getGlobalActiveStake()": "d8751681",
"getGlobalDelegatedStake()": "3dcd82ce",
"getGlobalInactiveStake()": "7a6609fb",
"getInactiveStake(address)": "27876149",
"getInitCounter()": "b64eff7f",
"getInitState()": "3de9e708",
"getNonFungibleBaseType(uint256)": "6f969c2d",
"getNonFungibleIndex(uint256)": "9cca1c64",
"getOrderInfo((address,address,address,address,uint256,uint256,uint256,uint256,uint256,uint256,bytes,bytes,bytes,bytes))": "9d3fa4b9",
"getOrderRelevantState((address,address,address,address,uint256,uint256,uint256,uint256,uint256,uint256,bytes,bytes,bytes,bytes),bytes)": "e77286eb",
"getOrderRelevantStates((address,address,address,address,uint256,uint256,uint256,uint256,uint256,uint256,bytes,bytes,bytes,bytes)[],bytes[])": "e25cabf7",
"getOwners()": "a0e67e2b",
"getParams()": "5e615a6b",
"getPartialAmountCeil(uint256,uint256,uint256)": "a6279dbd",
"getPartialAmountFloor(uint256,uint256,uint256)": "422752bf",
"getProxyId()": "ae25532e",
"getShouldNotRefund()": "22f64173",
"getSimulatedOrderTransferResults((address,address,address,address,uint256,uint256,uint256,uint256,uint256,uint256,bytes,bytes,bytes,bytes),address,uint256)": "d3637905",
"getSimulatedOrdersTransferResults((address,address,address,address,uint256,uint256,uint256,uint256,uint256,uint256,bytes,bytes,bytes,bytes)[],address[],uint256[])": "a5cd62ba",
"getStakeDelegatedByOwner(address)": "8f8ad3ba",
"getStakeDelegatedToPoolByOwner(address,bytes32)": "f252b7a1",
"getStakingPool(bytes32)": "4bcc3f67",
"getStakingPoolIdOfMaker(address)": "7705f1f2",
"getStructHash((address,address,address,address,uint256,uint256,uint256,uint256,uint256,uint256,bytes,bytes,bytes,bytes))": "602976ee",
"getStructHash((uint256,uint256,uint256,address,bytes))": "48588b48",
"getTotalStake(address)": "1e7ff8f6",
"getTotalStakeDelegatedToPool(bytes32)": "3e4ad732",
"getTransactionCount(bool,bool)": "54741525",
"getTransactionIds(uint256,uint256,bool,bool)": "a8abe69a",
"getTransferableAssetAmount(address,bytes)": "2322cf76",
"getTypedDataHash((address,address,address,address,uint256,uint256,uint256,uint256,uint256,uint256,bytes,bytes,bytes,bytes),bytes32)": "f69d3d5c",
"getTypedDataHash((uint256,uint256,uint256,address,bytes),bytes32)": "7c7ed717",
"getUnfinalizedPoolRewards(bytes32)": "be743680",
"getWethContract()": "3c277fc5",
"getWithdrawableStake(address)": "1f1d6061",
"getZrxVault()": "624a7232",
"globalStakeByStatus(uint8)": "678ba06c",
"guarded(bool)": "7d45cb47",
"increaseCurrentAndNextBalance(uint256,uint256)": "6fc327d6",
"increaseNextBalance(uint256,uint256)": "9649964b",
"init()": "e1c7392a",
"invert(int256)": "b18548c5",
"isApprovedForAll(address,address)": "e985e9c5",
"isConfirmed(uint256)": "784547a7",
"isFungible(uint256)": "adebf6f2",
"isInCatastrophicFailure()": "266df27c",
"isNonFungible(uint256)": "e44591f0",
"isNonFungibleBaseType(uint256)": "7269a327",
"isNonFungibleItem(uint256)": "5e81b958",
"isOddNumber(uint256)": "ed2cfc9c",
"isOwner(address)": "2f54bf6e",
"isReentrant(bytes)": "4673790c",
"isRoundingErrorCeil(uint256,uint256,uint256)": "f047a528",
"isRoundingErrorFloor(uint256,uint256,uint256)": "7e77509e",
"isValidHashSignature(bytes32,address,bytes)": "8171c407",
"isValidOrderSignature((address,address,address,address,uint256,uint256,uint256,uint256,uint256,uint256,bytes,bytes,bytes,bytes),bytes)": "a12dcc6f",
"isValidSignature(bytes,bytes)": "20c13b0b",
"isValidSignature(bytes32,bytes)": "1626ba7e",
"isValidTransactionSignature((uint256,uint256,uint256,address,bytes),bytes)": "8d45cd23",
"joinStakingPoolAsMaker(bytes32)": "b3e33379",
"ln(int256)": "8e6f2353",
"loadSyncedBalance(uint256)": "2ccdae76",
"loadUnsyncedBalance(uint256)": "9dc5860a",
"marketBuyOrdersFillOrKill((address,address,address,address,uint256,uint256,uint256,uint256,uint256,uint256,bytes,bytes,bytes,bytes)[],uint256,bytes[])": "8bc8efb3",
"marketBuyOrdersNoThrow((address,address,address,address,uint256,uint256,uint256,uint256,uint256,uint256,bytes,bytes,bytes,bytes)[],uint256,bytes[])": "78d29ac1",
"marketBuyOrdersWithEth((address,address,address,address,uint256,uint256,uint256,uint256,uint256,uint256,bytes,bytes,bytes,bytes)[],uint256,bytes[],uint256,address)": "942d33c0",
"marketSellOrdersFillOrKill((address,address,address,address,uint256,uint256,uint256,uint256,uint256,uint256,bytes,bytes,bytes,bytes)[],uint256,bytes[])": "a6c3bf33",
"marketSellOrdersNoThrow((address,address,address,address,uint256,uint256,uint256,uint256,uint256,uint256,bytes,bytes,bytes,bytes)[],uint256,bytes[])": "369da099",
"marketSellOrdersWithEth((address,address,address,address,uint256,uint256,uint256,uint256,uint256,uint256,bytes,bytes,bytes,bytes)[],bytes[],uint256,address)": "ae93b97a",
"matchOrders((address,address,address,address,uint256,uint256,uint256,uint256,uint256,uint256,bytes,bytes,bytes,bytes),(address,address,address,address,uint256,uint256,uint256,uint256,uint256,uint256,bytes,bytes,bytes,bytes),bytes,bytes)": "88ec79fb",
"matchOrdersWithMaximalFill((address,address,address,address,uint256,uint256,uint256,uint256,uint256,uint256,bytes,bytes,bytes,bytes),(address,address,address,address,uint256,uint256,uint256,uint256,uint256,uint256,bytes,bytes,bytes,bytes),bytes,bytes)": "b718e292",
"maxIndex(uint256)": "08d7d469",
"maximumMakersInPool()": "1430271f",
"minimumPoolStake()": "a26171e2",
"mint(address,uint256)": "40c10f19",
"mint(uint256)": "a0712d68",
"mintFungible(uint256,address[],uint256[])": "78b27221",
"mintNonFungible(uint256,address[])": "f9419088",
"mixedRefundModifierFunction()": "12b8e294",
"moveStake((uint8,bytes32),(uint8,bytes32),uint256)": "58f6c7e3",
"moveStake(uint256,uint256,uint256)": "b84f9e9d",
"mul(int256,int256)": "bbe93d91",
"mulDiv(int256,int256,int256)": "cf828136",
"name()": "06fdde03",
"nestedDisableRefundUntilEndFunction()": "10280683",
"nextPoolId()": "18e56131",
"noInputFunction()": "586d8b60",
"nonExploitive()": "eb8c8d40",
"numActivePoolsThisEpoch()": "6cc28cf6",
"numMakersByPoolId(bytes32)": "1efa9362",
"onERC1155BatchReceived(address,address,uint256[],uint256[],bytes)": "bc197c81",
"onERC1155Received(address,address,uint256,uint256,bytes)": "f23a6e61",
"onERC721Received(address,address,uint256,bytes)": "150b7a02",
"one()": "901717d1",
"onlyExchangeFunction()": "69283341",
"orderEpoch(address,address)": "d9bfa73e",
"originalFinalizePool(bytes32)": "4f7ba0bd",
"owner()": "8da5cb5b",
"ownerOf(uint256)": "6352211e",
"owners(uint256)": "025e7c27",
"payProtocolFee(address,address,uint256)": "a3b4a327",
"preSign(bytes32)": "46c02d7a",
"preSigned(bytes32,address)": "82c174d0",
"prepare(bytes32,uint8,bytes32)": "3745fa4b",
"protocolFeeCollector()": "850a1501",
"protocolFeeMultiplier()": "1ce4c78b",
"protocolFeesThisEpochByPool(bytes32)": "76fbcb2f",
"publicAppend(address[],address)": "8b5bcfa0",
"publicContains(address[],address)": "7f92b49a",
"publicDeepCopyBytes(bytes,bytes)": "18c535d9",
"publicEquals(bytes,bytes)": "f06f300d",
"publicEqualsPop1(bytes,bytes)": "b1840e8d",
"publicIndexOf(address[],address)": "7316ed71",
"publicPopLast20Bytes(bytes)": "a4b19654",
"publicPopLastByte(bytes)": "0301d5e1",
"publicProxyCall((address,uint8,bytes4,bool),bytes)": "380d2148",
"publicReadAddress(bytes,uint256)": "82e2fa24",
"publicReadBytes32(bytes,uint256)": "be766f1b",
"publicReadBytes4(bytes,uint256)": "cc12cb28",
"publicReadBytesWithLength(bytes,uint256)": "076eec08",
"publicReadUint256(bytes,uint256)": "e3a85ce4",
"publicSlice(bytes,uint256,uint256)": "9d19cb5e",
"publicSliceDestructive(bytes,uint256,uint256)": "c4b0f38b",
"publicWriteAddress(bytes,uint256,address)": "3f2a25ec",
"publicWriteBytes32(bytes,uint256,bytes32)": "84f87758",
"publicWriteBytesWithLength(bytes,uint256,bytes)": "4b368768",
"publicWriteLength(bytes,uint256,bytes)": "67aa05c2",
"publicWriteUint256(bytes,uint256,uint256)": "b79650a4",
"raiseTokenApprove(address,uint256)": "36c8c27d",
"raiseTokenTransfer(address,address,uint256)": "39dd7d09",
"readOnlyProxy()": "8795bd64",
"readOnlyProxyCallee()": "dd270e95",
"refundFinalBalanceFunction()": "6cff7487",
"refundNonZeroBalanceExternal()": "656f844e",
"registerAssetProxy(address)": "c585bb93",
"registerFunctionCall(bool,bytes4,address,uint128)": "751ad560",
"registerFunctionCallBypassWallet(bool,bytes4,address,uint128)": "3eed0e77",
"removeAuthorizedAddress(address)": "70712939",
"removeAuthorizedAddressAtIndex(address,uint256)": "9ad26744",
"removeExchangeAddress(address)": "01e28d84",
"removeMakerFromStakingPool(bytes32,address)": "7756a4d9",
"removeOwner(address)": "173825d9",
"replaceOwner(address,address)": "e20056e6",
"required()": "dc8452cd",
"returnComplexType(uint256,uint256)": "692b5f9c",
"revertDelegateCall()": "6368911f",
"revokeConfirmation(uint256)": "20ea8d86",
"rewardDelegatedStakeWeight()": "e0ee036e",
"rewardsByPoolId(bytes32)": "c18c9141",
"safeBatchTransferFrom(address,address,uint256[],uint256[],bytes)": "2eb2c2d6",
"safeGetPartialAmountCeil(uint256,uint256,uint256)": "970e5904",
"safeGetPartialAmountFloor(uint256,uint256,uint256)": "4881148e",
"safeTransferFrom(address,address,uint256)": "42842e0e",
"safeTransferFrom(address,address,uint256,bytes)": "b88d4fde",
"safeTransferFrom(address,address,uint256,uint256,bytes)": "f242432a",
"secondsTimeLocked()": "37bd78a0",
"sellAllAmount(address,uint256,address,uint256)": "0621b4f6",
"setAndAssertParams((uint256,uint32,uint256,uint256,uint32,uint32))": "876de3a3",
"setApprovalForAll(address,bool)": "a22cb465",
"setBalance(address,uint256)": "e30443bc",
"setCurrentContextAddress(address)": "6d3566de",
"setCurrentContextAddressIfRequired(address,address)": "4452ff74",
"setCurrentEpoch(uint256)": "1dd6b9b1",
"setFillBehavior(string,uint256)": "53e62a8a",
"setParams(uint256,uint32,uint256,uint256,uint32,uint32)": "567fafb2",
"setProtocolFeeCollector(address)": "cfca3147",
"setProtocolFeeCollectorAddress(address)": "c0fa16cc",
"setProtocolFeeMultiplier(uint256)": "9331c742",
"setReadOnlyMode(bool)": "52f54626",
"setRejectTransferFlag(bool)": "d9d4df3a",
"setShouldNotRefund(bool)": "09e15c72",
"setSignatureValidatorApproval(address,bool)": "77fcce68",
"setStakingProxy(address)": "6bf3f9e5",
"setStoredBalance((bool,uint32,uint96,uint96),uint256)": "43f50e45",
"setTestTokenBalance(address,uint256)": "f00f7f3c",
"setTransactionExecuted(bytes32)": "01a0a52c",
"setTransferBehavior(address,string,bytes)": "9535741f",
"setUnfinalizedPoolReward(bytes32,address,uint256,uint256,uint256)": "144152d3",
"setValidExchange(address)": "d9bad8ca",
"setZrxProxy(address)": "ca5b0218",
"settleMatchOrders(bytes32,bytes32,(address,address,address,address,uint256,uint256,uint256,uint256,uint256,uint256,bytes,bytes,bytes,bytes),(address,address,address,address,uint256,uint256,uint256,uint256,uint256,uint256,bytes,bytes,bytes,bytes),address,((uint256,uint256,uint256,uint256,uint256),(uint256,uint256,uint256,uint256,uint256),uint256,uint256))": "e3412e11",
"settleOrder(bytes32,(address,address,address,address,uint256,uint256,uint256,uint256,uint256,uint256,bytes,bytes,bytes,bytes),address,(uint256,uint256,uint256,uint256,uint256))": "c5affa8d",
"simulateDispatchTransferFromCalls(bytes[],address[],address[],uint256[])": "b04fbddd",
"stake(uint256)": "a694fc3a",
"stakingContract()": "ee99205c",
"stakingProxyAddress()": "c4d8f237",
"sub(int256,int256)": "adefc37b",
"submitTransaction(address,uint256,bytes)": "c6427474",
"symbol()": "95d89b41",
"syncPoolRewards(bytes32,address,uint256,uint256,uint256)": "02b7e6b5",
"testAppendRealloc(address[],int256,address)": "f2a84a95",
"testBalances(uint256)": "683f0431",
"testBatchFillOrdersProtocolFees(address,uint256,uint256,bool)": "b20bc0f9",
"testDisableRefundUntilEnd(address,bool)": "bee01ea1",
"testFillOrderProtocolFees(address,uint256,bool)": "c36381ed",
"testMatchOrdersProtocolFees(address,uint256,bool)": "b99520d8",
"testMemcpy(bytes,uint256,uint256,uint256)": "78bbae9b",
"testMixedRefunds(address,bool)": "a79ec3a2",
"testNestedDisableRefundUntilEnd(address,bool)": "fd30969a",
"testRefundFinalBalance(address,bool)": "d7c53ba8",
"testRefundNonZeroBalance(address)": "f3ab88f8",
"testToken()": "6895179d",
"testTokens(address)": "c6658554",
"testUpdateFilledState((address,address,address,address,uint256,uint256,uint256,uint256,uint256,uint256,bytes,bytes,bytes,bytes),address,bytes32,uint256,(uint256,uint256,uint256,uint256,uint256))": "f648c0fc",
"testWethAddress()": "dcb31f76",
"testZrxVaultAddress()": "9051c3ee",
"toFixedSigned(int256)": "69a83a46",
"toFixedSigned(int256,int256)": "2ba947ea",
"toFixedUnsigned(uint256)": "ea364f69",
"toFixedUnsigned(uint256,uint256)": "0ccbf352",
"toInteger(int256)": "c5bb4555",
"totalFeesCollectedThisEpoch()": "f64041f0",
"totalSupply()": "18160ddd",
"totalWeightedStakeThisEpoch()": "5f1f3505",
"transactionCount()": "b77bf600",
"transactions(uint256)": "9ace38c2",
"transactionsExecuted(bytes32)": "0228e168",
"transfer(address,uint256)": "a9059cbb",
"transferFrom(address,address,uint256)": "23b872dd",
"transferFrom(bytes,address,address,uint256)": "a85e59e4",
"transferOwnership(address)": "f2fde38b",
"uintMul(int256,uint256)": "d5583844",
"undelegateStake(address,bytes32,uint256)": "6306e215",
"unfinalizedState()": "c81c4029",
"unstake(uint256)": "2e17de78",
"updateState()": "1d8557d7",
"validExchanges(address)": "5bd4ab73",
"wethReservedForPoolRewards()": "b0531524",
"withdraw(uint256)": "2e1a7d4d",
"withdrawAllFrom(address)": "f957ddba",
"withdrawAsset(bytes,uint256)": "630f1e6c",
"withdrawDelegatorRewards(bytes32)": "b510879f",
"withdrawFrom(address,uint256)": "9470b0bd",
"withdrawTo(address,address,address,uint256,bytes)": "d6f59f21",
"zrxAssetProxy()": "4551ab31"}
